Username,Password,AccountType
JPANG725,879aaf94de6eb2d95c2891c62c5b0fd9cd495776474515989b9d29974790396e,S
WCHAN999,3783f6e295f8aa6563eeca4e2644916dfb8aa80a40aec5887e4e26ca0d8337bf,S
ZLIU023,18742d92bdb9b0e6e269e40f2b2ad5352943d3b09cea95691bad713546953202,S
ATAN057,879aaf94de6eb2d95c2891c62c5b0fd9cd495776474515989b9d29974790396e,S
YKTAN333,879aaf94de6eb2d95c2891c62c5b0fd9cd495776474515989b9d29974790396e,S
YKIM069,879aaf94de6eb2d95c2891c62c5b0fd9cd495776474515989b9d29974790396e,S
SHTAN66,879aaf94de6eb2d95c2891c62c5b0fd9cd495776474515989b9d29974790396e,S
CBAY94,879aaf94de6eb2d95c2891c62c5b0fd9cd495776474515989b9d29974790396e,S
DHIDE024,879aaf94de6eb2d95c2891c62c5b0fd9cd495776474515989b9d29974790396e,S
ASHIN43,879aaf94de6eb2d95c2891c62c5b0fd9cd495776474515989b9d29974790396e,S
SKMETH53,879aaf94de6eb2d95c2891c62c5b0fd9cd495776474515989b9d29974790396e,S
HSUHL933,879aaf94de6eb2d95c2891c62c5b0fd9cd495776474515989b9d29974790396e,S
ZHUHA555,879aaf94de6eb2d95c2891c62c5b0fd9cd495776474515989b9d29974790396e,S
JONL356,879aaf94de6eb2d95c2891c62c5b0fd9cd495776474515989b9d29974790396e,S
HYEON234,879aaf94de6eb2d95c2891c62c5b0fd9cd495776474515989b9d29974790396e,S
,,
ADMIN1,bd1c1fe5e9924393c75f03acc55259892eb4e597cd5a6bf3cbcfdecefffc5fa7,A
JKIM987,bd1c1fe5e9924393c75f03acc55259892eb4e597cd5a6bf3cbcfdecefffc5fa7,A
